id;first_name;last_name;user_name;email;dob;age;promo_code
1;Lillie;Keeling;Vermont;Flossie_Schmeler26@gmail.com;2022-11-17;39006;Data transmit
2;Norval;Gutkowski;e-markets backing Club;Eulalia75@hotmail.com;2022-11-17;3240;Ball back-end
3;Yolanda;MacGyver;Illinois payment Unbranded;Eunice.Senger@hotmail.com;2022-11-16;32743;Cheese Sharable time-frame
4;Eldora;Leannon;function;Kieran.Mosciski32@hotmail.com;2022-11-17;25511;Vista global
5;Elmo;Schaefer;Mobility users;Randall_Konopelski@gmail.com;2022-11-16;99333;Consultant deposit convergence
6;Yvette;Schaden;Beauty Account;Sarai_Terry@hotmail.com;2022-11-16;19874;Rhode
7;Rosendo;Watsica;Awesome reboot;Marshall70@yahoo.com;2022-11-17;2781;Multi-layered withdrawal
8;Alexys;Leannon;Automotive;Manuela45@gmail.com;2022-11-16;76841;Division
9;Demetris;McDermott;Rubber Books;Ewell.Lakin77@hotmail.com;2022-11-16;50282;Isle
10;Aiyana;Schmidt;productivity Buckinghamshire;Isac.McLaughlin@gmail.com;2022-11-17;15643;Switzerland extensible
